config_id,scenario_name,seed,profiles_party_a,profiles_party_b,profiles_mediator,status,ledger_turn,deadlock_count,agreed_n,open_issues_n,hitl_interventions,mock_backend,trace_json
Cfg1_AllCooperative,USA-Iran Quick Talks (2 issues),1281338302,cooperative,cooperative,cooperative,settled,4,0,2,0,0,True,"[{""type"": ""ledger_snapshot"", ""label"": ""after_mediator_turn1"", ""ledger_turn"": 2, ""status"": ""in_progress"", ""deadlock_count"": 0, ""agreed_n"": 1, ""open_issues_n"": 1}, {""type"": ""ledger_snapshot"", ""label"": ""after_mediator_turn2"", ""ledger_turn"": 4, ""status"": ""settled"", ""deadlock_count"": 0, ""agreed_n"": 2, ""open_issues_n"": 0}]"
Cfg1_AllCooperative,USA-Iran Quick Talks (2 issues),1783604396,cooperative,cooperative,cooperative,settled,4,0,2,0,0,True,"[{""type"": ""ledger_snapshot"", ""label"": ""after_mediator_turn1"", ""ledger_turn"": 2, ""status"": ""in_progress"", ""deadlock_count"": 0, ""agreed_n"": 1, ""open_issues_n"": 1}, {""type"": ""ledger_snapshot"", ""label"": ""after_mediator_turn2"", ""ledger_turn"": 4, ""status"": ""settled"", ""deadlock_count"": 0, ""agreed_n"": 2, ""open_issues_n"": 0}]"
Cfg1_AllCooperative,USA-Iran Quick Talks (2 issues),1172627374,cooperative,cooperative,cooperative,settled,4,0,2,0,0,True,"[{""type"": ""ledger_snapshot"", ""label"": ""after_mediator_turn1"", ""ledger_turn"": 2, ""status"": ""in_progress"", ""deadlock_count"": 0, ""agreed_n"": 1, ""open_issues_n"": 1}, {""type"": ""ledger_snapshot"", ""label"": ""after_mediator_turn2"", ""ledger_turn"": 4, ""status"": ""settled"", ""deadlock_count"": 0, ""agreed_n"": 2, ""open_issues_n"": 0}]"
Cfg1_AllCooperative,USA-Iran Quick Talks (2 issues),1774232354,cooperative,cooperative,cooperative,settled,4,0,2,0,0,True,"[{""type"": ""ledger_snapshot"", ""label"": ""after_mediator_turn1"", ""ledger_turn"": 2, ""status"": ""in_progress"", ""deadlock_count"": 0, ""agreed_n"": 1, ""open_issues_n"": 1}, {""type"": ""ledger_snapshot"", ""label"": ""after_mediator_turn2"", ""ledger_turn"": 4, ""status"": ""settled"", ""deadlock_count"": 0, ""agreed_n"": 2, ""open_issues_n"": 0}]"
Cfg1_AllCooperative,USA-Iran Nuclear (4 issues),2068057498,cooperative,cooperative,cooperative,settled,6,0,3,1,0,True,"[{""type"": ""ledger_snapshot"", ""label"": ""after_mediator_turn1"", ""ledger_turn"": 2, ""status"": ""in_progress"", ""deadlock_count"": 0, ""agreed_n"": 1, ""open_issues_n"": 2}, {""type"": ""ledger_snapshot"", ""label"": ""after_mediator_turn2"", ""ledger_turn"": 4, ""status"": ""in_progress"", ""deadlock_count"": 0, ""agreed_n"": 2, ""open_issues_n"": 1}, {""type"": ""ledger_snapshot"", ""label"": ""after_mediator_turn3"", ""ledger_turn"": 6, ""status"": ""settled"", ""deadlock_count"": 0, ""agreed_n"": 3, ""open_issues_n"": 1}]"
Cfg1_AllCooperative,USA-Iran Nuclear (4 issues),1457080476,cooperative,cooperative,cooperative,settled,6,0,3,1,0,True,"[{""type"": ""ledger_snapshot"", ""label"": ""after_mediator_turn1"", ""ledger_turn"": 2, ""status"": ""in_progress"", ""deadlock_count"": 0, ""agreed_n"": 1, ""open_issues_n"": 2}, {""type"": ""ledger_snapshot"", ""label"": ""after_mediator_turn2"", ""ledger_turn"": 4, ""status"": ""in_progress"", ""deadlock_count"": 0, ""agreed_n"": 2, ""open_issues_n"": 1}, {""type"": ""ledger_snapshot"", ""label"": ""after_mediator_turn3"", ""ledger_turn"": 6, ""status"": ""settled"", ""deadlock_count"": 0, ""agreed_n"": 3, ""open_issues_n"": 1}]"
Cfg1_AllCooperative,USA-Iran Nuclear (4 issues),1959346570,cooperative,cooperative,cooperative,settled,6,0,3,1,0,True,"[{""type"": ""ledger_snapshot"", ""label"": ""after_mediator_turn1"", ""ledger_turn"": 2, ""status"": ""in_progress"", ""deadlock_count"": 0, ""agreed_n"": 1, ""open_issues_n"": 2}, {""type"": ""ledger_snapshot"", ""label"": ""after_mediator_turn2"", ""ledger_turn"": 4, ""status"": ""in_progress"", ""deadlock_count"": 0, ""agreed_n"": 2, ""open_issues_n"": 1}, {""type"": ""ledger_snapshot"", ""label"": ""after_mediator_turn3"", ""ledger_turn"": 6, ""status"": ""settled"", ""deadlock_count"": 0, ""agreed_n"": 3, ""open_issues_n"": 1}]"
Cfg1_AllCooperative,USA-Iran Nuclear (4 issues),1447708434,cooperative,cooperative,cooperative,failed,10,0,0,4,0,True,"[{""type"": ""ledger_snapshot"", ""label"": ""after_mediator_turn1"", ""ledger_turn"": 2, ""status"": ""in_progress"", ""deadlock_count"": 0, ""agreed_n"": 0, ""open_issues_n"": 4}, {""type"": ""ledger_snapshot"", ""label"": ""after_mediator_turn2"", ""ledger_turn"": 4, ""status"": ""in_progress"", ""deadlock_count"": 0, ""agreed_n"": 0, ""open_issues_n"": 4}, {""type"": ""ledger_snapshot"", ""label"": ""after_mediator_turn3"", ""ledger_turn"": 6, ""status"": ""in_progress"", ""deadlock_count"": 0, ""agreed_n"": 0, ""open_issues_n"": 4}, {""type"": ""ledger_snapshot"", ""label"": ""after_mediator_turn4"", ""ledger_turn"": 8, ""status"": ""in_progress"", ""deadlock_count"": 0, ""agreed_n"": 0, ""open_issues_n"": 4}, {""type"": ""ledger_snapshot"", ""label"": ""after_mediator_turn5"", ""ledger_turn"": 10, ""status"": ""in_progress"", ""deadlock_count"": 0, ""agreed_n"": 0, ""open_issues_n"": 4}]"
Cfg1_AllCooperative,TechCorp Acquisition (4 issues),684221864,cooperative,cooperative,cooperative,settled,8,0,4,1,0,True,"[{""type"": ""ledger_snapshot"", ""label"": ""after_mediator_turn1"", ""ledger_turn"": 2, ""status"": ""in_progress"", ""deadlock_count"": 0, ""agreed_n"": 1, ""open_issues_n"": 3}, {""type"": ""ledger_snapshot"", ""label"": ""after_mediator_turn2"", ""ledger_turn"": 4, ""status"": ""in_progress"", ""deadlock_count"": 0, ""agreed_n"": 2, ""open_issues_n"": 2}, {""type"": ""ledger_snapshot"", ""label"": ""after_mediator_turn3"", ""ledger_turn"": 6, ""status"": ""in_progress"", ""deadlock_count"": 0, ""agreed_n"": 3, ""open_issues_n"": 1}, {""type"": ""ledger_snapshot"", ""label"": ""after_mediator_turn4"", ""ledger_turn"": 8, ""status"": ""settled"", ""deadlock_count"": 0, ""agreed_n"": 4, ""open_issues_n"": 1}]"
Cfg1_AllCooperative,TechCorp Acquisition (4 issues),73244842,cooperative,cooperative,cooperative,failed,10,0,0,4,0,True,"[{""type"": ""ledger_snapshot"", ""label"": ""after_mediator_turn1"", ""ledger_turn"": 2, ""status"": ""in_progress"", ""deadlock_count"": 0, ""agreed_n"": 0, ""open_issues_n"": 4}, {""type"": ""ledger_snapshot"", ""label"": ""after_mediator_turn2"", ""ledger_turn"": 4, ""status"": ""in_progress"", ""deadlock_count"": 0, ""agreed_n"": 0, ""open_issues_n"": 4}, {""type"": ""ledger_snapshot"", ""label"": ""after_mediator_turn3"", ""ledger_turn"": 6, ""status"": ""in_progress"", ""deadlock_count"": 0, ""agreed_n"": 0, ""open_issues_n"": 4}, {""type"": ""ledger_snapshot"", ""label"": ""after_mediator_turn4"", ""ledger_turn"": 8, ""status"": ""in_progress"", ""deadlock_count"": 0, ""agreed_n"": 0, ""open_issues_n"": 4}, {""type"": ""ledger_snapshot"", ""label"": ""after_mediator_turn5"", ""ledger_turn"": 10, ""status"": ""in_progress"", ""deadlock_count"": 0, ""agreed_n"": 0, ""open_issues_n"": 4}]"
Cfg1_AllCooperative,TechCorp Acquisition (4 issues),575510936,cooperative,cooperative,cooperative,settled,8,0,4,1,0,True,"[{""type"": ""ledger_snapshot"", ""label"": ""after_mediator_turn1"", ""ledger_turn"": 2, ""status"": ""in_progress"", ""deadlock_count"": 0, ""agreed_n"": 1, ""open_issues_n"": 3}, {""type"": ""ledger_snapshot"", ""label"": ""after_mediator_turn2"", ""ledger_turn"": 4, ""status"": ""in_progress"", ""deadlock_count"": 0, ""agreed_n"": 2, ""open_issues_n"": 2}, {""type"": ""ledger_snapshot"", ""label"": ""after_mediator_turn3"", ""ledger_turn"": 6, ""status"": ""in_progress"", ""deadlock_count"": 0, ""agreed_n"": 3, ""open_issues_n"": 1}, {""type"": ""ledger_snapshot"", ""label"": ""after_mediator_turn4"", ""ledger_turn"": 8, ""status"": ""settled"", ""deadlock_count"": 0, ""agreed_n"": 4, ""open_issues_n"": 1}]"
Cfg1_AllCooperative,TechCorp Acquisition (4 issues),2112017561,cooperative,cooperative,cooperative,failed,10,0,0,4,0,True,"[{""type"": ""ledger_snapshot"", ""label"": ""after_mediator_turn1"", ""ledger_turn"": 2, ""status"": ""in_progress"", ""deadlock_count"": 0, ""agreed_n"": 0, ""open_issues_n"": 4}, {""type"": ""ledger_snapshot"", ""label"": ""after_mediator_turn2"", ""ledger_turn"": 4, ""status"": ""in_progress"", ""deadlock_count"": 0, ""agreed_n"": 0, ""open_issues_n"": 4}, {""type"": ""ledger_snapshot"", ""label"": ""after_mediator_turn3"", ""ledger_turn"": 6, ""status"": ""in_progress"", ""deadlock_count"": 0, ""agreed_n"": 0, ""open_issues_n"": 4}, {""type"": ""ledger_snapshot"", ""label"": ""after_mediator_turn4"", ""ledger_turn"": 8, ""status"": ""in_progress"", ""deadlock_count"": 0, ""agreed_n"": 0, ""open_issues_n"": 4}, {""type"": ""ledger_snapshot"", ""label"": ""after_mediator_turn5"", ""ledger_turn"": 10, ""status"": ""in_progress"", ""deadlock_count"": 0, ""agreed_n"": 0, ""open_issues_n"": 4}]"
Cfg2_AllBalanced,USA-Iran Quick Talks (2 issues),676664868,balanced,balanced,balanced,settled,4,0,2,0,0,True,"[{""type"": ""ledger_snapshot"", ""label"": ""after_mediator_turn1"", ""ledger_turn"": 2, ""status"": ""in_progress"", ""deadlock_count"": 0, ""agreed_n"": 1, ""open_issues_n"": 1}, {""type"": ""ledger_snapshot"", ""label"": ""after_mediator_turn2"", ""ledger_turn"": 4, ""status"": ""settled"", ""deadlock_count"": 0, ""agreed_n"": 2, ""open_issues_n"": 0}]"
Cfg2_AllBalanced,USA-Iran Quick Talks (2 issues),1178930962,balanced,balanced,balanced,settled,4,0,2,0,0,True,"[{""type"": ""ledger_snapshot"", ""label"": ""after_mediator_turn1"", ""ledger_turn"": 2, ""status"": ""in_progress"", ""deadlock_count"": 0, ""agreed_n"": 1, ""open_issues_n"": 1}, {""type"": ""ledger_snapshot"", ""label"": ""after_mediator_turn2"", ""ledger_turn"": 4, ""status"": ""settled"", ""deadlock_count"": 0, ""agreed_n"": 2, ""open_issues_n"": 0}]"
Cfg2_AllBalanced,USA-Iran Quick Talks (2 issues),567953940,balanced,balanced,balanced,failed,10,0,0,2,0,True,"[{""type"": ""ledger_snapshot"", ""label"": ""after_mediator_turn1"", ""ledger_turn"": 2, ""status"": ""in_progress"", ""deadlock_count"": 0, ""agreed_n"": 0, ""open_issues_n"": 2}, {""type"": ""ledger_snapshot"", ""label"": ""after_mediator_turn2"", ""ledger_turn"": 4, ""status"": ""in_progress"", ""deadlock_count"": 0, ""agreed_n"": 0, ""open_issues_n"": 2}, {""type"": ""ledger_snapshot"", ""label"": ""after_mediator_turn3"", ""ledger_turn"": 6, ""status"": ""in_progress"", ""deadlock_count"": 0, ""agreed_n"": 0, ""open_issues_n"": 2}, {""type"": ""ledger_snapshot"", ""label"": ""after_mediator_turn4"", ""ledger_turn"": 8, ""status"": ""in_progress"", ""deadlock_count"": 0, ""agreed_n"": 0, ""open_issues_n"": 2}, {""type"": ""ledger_snapshot"", ""label"": ""after_mediator_turn5"", ""ledger_turn"": 10, ""status"": ""in_progress"", ""deadlock_count"": 0, ""agreed_n"": 0, ""open_issues_n"": 2}]"
Cfg2_AllBalanced,USA-Iran Quick Talks (2 issues),1070220034,balanced,balanced,balanced,settled,4,0,2,0,0,True,"[{""type"": ""ledger_snapshot"", ""label"": ""after_mediator_turn1"", ""ledger_turn"": 2, ""status"": ""in_progress"", ""deadlock_count"": 0, ""agreed_n"": 1, ""open_issues_n"": 1}, {""type"": ""ledger_snapshot"", ""label"": ""after_mediator_turn2"", ""ledger_turn"": 4, ""status"": ""settled"", ""deadlock_count"": 0, ""agreed_n"": 2, ""open_issues_n"": 0}]"
Cfg2_AllBalanced,USA-Iran Nuclear (4 issues),2037154299,balanced,balanced,balanced,failed,10,0,0,4,0,True,"[{""type"": ""ledger_snapshot"", ""label"": ""after_mediator_turn1"", ""ledger_turn"": 2, ""status"": ""in_progress"", ""deadlock_count"": 0, ""agreed_n"": 0, ""open_issues_n"": 4}, {""type"": ""ledger_snapshot"", ""label"": ""after_mediator_turn2"", ""ledger_turn"": 4, ""status"": ""in_progress"", ""deadlock_count"": 0, ""agreed_n"": 0, ""open_issues_n"": 4}, {""type"": ""ledger_snapshot"", ""label"": ""after_mediator_turn3"", ""ledger_turn"": 6, ""status"": ""in_progress"", ""deadlock_count"": 0, ""agreed_n"": 0, ""open_issues_n"": 4}, {""type"": ""ledger_snapshot"", ""label"": ""after_mediator_turn4"", ""ledger_turn"": 8, ""status"": ""in_progress"", ""deadlock_count"": 0, ""agreed_n"": 0, ""open_issues_n"": 4}, {""type"": ""ledger_snapshot"", ""label"": ""after_mediator_turn5"", ""ledger_turn"": 10, ""status"": ""in_progress"", ""deadlock_count"": 0, ""agreed_n"": 0, ""open_issues_n"": 4}]"
Cfg2_AllBalanced,USA-Iran Nuclear (4 issues),391936746,balanced,balanced,balanced,settled,6,0,3,1,0,True,"[{""type"": ""ledger_snapshot"", ""label"": ""after_mediator_turn1"", ""ledger_turn"": 2, ""status"": ""in_progress"", ""deadlock_count"": 0, ""agreed_n"": 1, ""open_issues_n"": 2}, {""type"": ""ledger_snapshot"", ""label"": ""after_mediator_turn2"", ""ledger_turn"": 4, ""status"": ""in_progress"", ""deadlock_count"": 0, ""agreed_n"": 2, ""open_issues_n"": 1}, {""type"": ""ledger_snapshot"", ""label"": ""after_mediator_turn3"", ""ledger_turn"": 6, ""status"": ""settled"", ""deadlock_count"": 0, ""agreed_n"": 3, ""open_issues_n"": 1}]"
Cfg2_AllBalanced,USA-Iran Nuclear (4 issues),2027782257,balanced,balanced,balanced,settled,6,0,3,1,0,True,"[{""type"": ""ledger_snapshot"", ""label"": ""after_mediator_turn1"", ""ledger_turn"": 2, ""status"": ""in_progress"", ""deadlock_count"": 0, ""agreed_n"": 1, ""open_issues_n"": 2}, {""type"": ""ledger_snapshot"", ""label"": ""after_mediator_turn2"", ""ledger_turn"": 4, ""status"": ""in_progress"", ""deadlock_count"": 0, ""agreed_n"": 2, ""open_issues_n"": 1}, {""type"": ""ledger_snapshot"", ""label"": ""after_mediator_turn3"", ""ledger_turn"": 6, ""status"": ""settled"", ""deadlock_count"": 0, ""agreed_n"": 3, ""open_issues_n"": 1}]"
Cfg2_AllBalanced,USA-Iran Nuclear (4 issues),382564704,balanced,balanced,balanced,failed,10,0,0,4,0,True,"[{""type"": ""ledger_snapshot"", ""label"": ""after_mediator_turn1"", ""ledger_turn"": 2, ""status"": ""in_progress"", ""deadlock_count"": 0, ""agreed_n"": 0, ""open_issues_n"": 4}, {""type"": ""ledger_snapshot"", ""label"": ""after_mediator_turn2"", ""ledger_turn"": 4, ""status"": ""in_progress"", ""deadlock_count"": 0, ""agreed_n"": 0, ""open_issues_n"": 4}, {""type"": ""ledger_snapshot"", ""label"": ""after_mediator_turn3"", ""ledger_turn"": 6, ""status"": ""in_progress"", ""deadlock_count"": 0, ""agreed_n"": 0, ""open_issues_n"": 4}, {""type"": ""ledger_snapshot"", ""label"": ""after_mediator_turn4"", ""ledger_turn"": 8, ""status"": ""in_progress"", ""deadlock_count"": 0, ""agreed_n"": 0, ""open_issues_n"": 4}, {""type"": ""ledger_snapshot"", ""label"": ""after_mediator_turn5"", ""ledger_turn"": 10, ""status"": ""in_progress"", ""deadlock_count"": 0, ""agreed_n"": 0, ""open_issues_n"": 4}]"
Cfg2_AllBalanced,TechCorp Acquisition (4 issues),2127693191,balanced,balanced,balanced,failed,10,0,0,4,0,True,"[{""type"": ""ledger_snapshot"", ""label"": ""after_mediator_turn1"", ""ledger_turn"": 2, ""status"": ""in_progress"", ""deadlock_count"": 0, ""agreed_n"": 0, ""open_issues_n"": 4}, {""type"": ""ledger_snapshot"", ""label"": ""after_mediator_turn2"", ""ledger_turn"": 4, ""status"": ""in_progress"", ""deadlock_count"": 0, ""agreed_n"": 0, ""open_issues_n"": 4}, {""type"": ""ledger_snapshot"", ""label"": ""after_mediator_turn3"", ""ledger_turn"": 6, ""status"": ""in_progress"", ""deadlock_count"": 0, ""agreed_n"": 0, ""open_issues_n"": 4}, {""type"": ""ledger_snapshot"", ""label"": ""after_mediator_turn4"", ""ledger_turn"": 8, ""status"": ""in_progress"", ""deadlock_count"": 0, ""agreed_n"": 0, ""open_issues_n"": 4}, {""type"": ""ledger_snapshot"", ""label"": ""after_mediator_turn5"", ""ledger_turn"": 10, ""status"": ""in_progress"", ""deadlock_count"": 0, ""agreed_n"": 0, ""open_issues_n"": 4}]"
Cfg2_AllBalanced,TechCorp Acquisition (4 issues),1616055055,balanced,balanced,balanced,failed,10,0,0,4,0,True,"[{""type"": ""ledger_snapshot"", ""label"": ""after_mediator_turn1"", ""ledger_turn"": 2, ""status"": ""in_progress"", ""deadlock_count"": 0, ""agreed_n"": 0, ""open_issues_n"": 4}, {""type"": ""ledger_snapshot"", ""label"": ""after_mediator_turn2"", ""ledger_turn"": 4, ""status"": ""in_progress"", ""deadlock_count"": 0, ""agreed_n"": 0, ""open_issues_n"": 4}, {""type"": ""ledger_snapshot"", ""label"": ""after_mediator_turn3"", ""ledger_turn"": 6, ""status"": ""in_progress"", ""deadlock_count"": 0, ""agreed_n"": 0, ""open_issues_n"": 4}, {""type"": ""ledger_snapshot"", ""label"": ""after_mediator_turn4"", ""ledger_turn"": 8, ""status"": ""in_progress"", ""deadlock_count"": 0, ""agreed_n"": 0, ""open_issues_n"": 4}, {""type"": ""ledger_snapshot"", ""label"": ""after_mediator_turn5"", ""ledger_turn"": 10, ""status"": ""in_progress"", ""deadlock_count"": 0, ""agreed_n"": 0, ""open_issues_n"": 4}]"
Cfg2_AllBalanced,TechCorp Acquisition (4 issues),2118321149,balanced,balanced,balanced,settled,8,0,4,1,0,True,"[{""type"": ""ledger_snapshot"", ""label"": ""after_mediator_turn1"", ""ledger_turn"": 2, ""status"": ""in_progress"", ""deadlock_count"": 0, ""agreed_n"": 1, ""open_issues_n"": 3}, {""type"": ""ledger_snapshot"", ""label"": ""after_mediator_turn2"", ""ledger_turn"": 4, ""status"": ""in_progress"", ""deadlock_count"": 0, ""agreed_n"": 2, ""open_issues_n"": 2}, {""type"": ""ledger_snapshot"", ""label"": ""after_mediator_turn3"", ""ledger_turn"": 6, ""status"": ""in_progress"", ""deadlock_count"": 0, ""agreed_n"": 3, ""open_issues_n"": 1}, {""type"": ""ledger_snapshot"", ""label"": ""after_mediator_turn4"", ""ledger_turn"": 8, ""status"": ""settled"", ""deadlock_count"": 0, ""agreed_n"": 4, ""open_issues_n"": 1}]"
Cfg2_AllBalanced,TechCorp Acquisition (4 issues),1507344127,balanced,balanced,balanced,settled,8,0,4,1,0,True,"[{""type"": ""ledger_snapshot"", ""label"": ""after_mediator_turn1"", ""ledger_turn"": 2, ""status"": ""in_progress"", ""deadlock_count"": 0, ""agreed_n"": 1, ""open_issues_n"": 3}, {""type"": ""ledger_snapshot"", ""label"": ""after_mediator_turn2"", ""ledger_turn"": 4, ""status"": ""in_progress"", ""deadlock_count"": 0, ""agreed_n"": 2, ""open_issues_n"": 2}, {""type"": ""ledger_snapshot"", ""label"": ""after_mediator_turn3"", ""ledger_turn"": 6, ""status"": ""in_progress"", ""deadlock_count"": 0, ""agreed_n"": 3, ""open_issues_n"": 1}, {""type"": ""ledger_snapshot"", ""label"": ""after_mediator_turn4"", ""ledger_turn"": 8, ""status"": ""settled"", ""deadlock_count"": 0, ""agreed_n"": 4, ""open_issues_n"": 1}]"
Cfg3_CoopVsStubborn,USA-Iran Quick Talks (2 issues),1622155406,cooperative,stubborn,balanced,failed,10,0,0,2,0,True,"[{""type"": ""ledger_snapshot"", ""label"": ""after_mediator_turn1"", ""ledger_turn"": 2, ""status"": ""in_progress"", ""deadlock_count"": 0, ""agreed_n"": 0, ""open_issues_n"": 2}, {""type"": ""ledger_snapshot"", ""label"": ""after_mediator_turn2"", ""ledger_turn"": 4, ""status"": ""in_progress"", ""deadlock_count"": 0, ""agreed_n"": 0, ""open_issues_n"": 2}, {""type"": ""ledger_snapshot"", ""label"": ""after_mediator_turn3"", ""ledger_turn"": 6, ""status"": ""in_progress"", ""deadlock_count"": 0, ""agreed_n"": 0, ""open_issues_n"": 2}, {""type"": ""ledger_snapshot"", ""label"": ""after_mediator_turn4"", ""ledger_turn"": 8, ""status"": ""in_progress"", ""deadlock_count"": 0, ""agreed_n"": 0, ""open_issues_n"": 2}, {""type"": ""ledger_snapshot"", ""label"": ""after_mediator_turn5"", ""ledger_turn"": 10, ""status"": ""in_progress"", ""deadlock_count"": 0, ""agreed_n"": 0, ""open_issues_n"": 2}]"
Cfg3_CoopVsStubborn,USA-Iran Quick Talks (2 issues),1011178388,cooperative,stubborn,balanced,failed,10,0,0,2,0,True,"[{""type"": ""ledger_snapshot"", ""label"": ""after_mediator_turn1"", ""ledger_turn"": 2, ""status"": ""in_progress"", ""deadlock_count"": 0, ""agreed_n"": 0, ""open_issues_n"": 2}, {""type"": ""ledger_snapshot"", ""label"": ""after_mediator_turn2"", ""ledger_turn"": 4, ""status"": ""in_progress"", ""deadlock_count"": 0, ""agreed_n"": 0, ""open_issues_n"": 2}, {""type"": ""ledger_snapshot"", ""label"": ""after_mediator_turn3"", ""ledger_turn"": 6, ""status"": ""in_progress"", ""deadlock_count"": 0, ""agreed_n"": 0, ""open_issues_n"": 2}, {""type"": ""ledger_snapshot"", ""label"": ""after_mediator_turn4"", ""ledger_turn"": 8, ""status"": ""in_progress"", ""deadlock_count"": 0, ""agreed_n"": 0, ""open_issues_n"": 2}, {""type"": ""ledger_snapshot"", ""label"": ""after_mediator_turn5"", ""ledger_turn"": 10, ""status"": ""in_progress"", ""deadlock_count"": 0, ""agreed_n"": 0, ""open_issues_n"": 2}]"
Cfg3_CoopVsStubborn,USA-Iran Quick Talks (2 issues),1513444478,cooperative,stubborn,balanced,settled,4,0,2,0,0,True,"[{""type"": ""ledger_snapshot"", ""label"": ""after_mediator_turn1"", ""ledger_turn"": 2, ""status"": ""in_progress"", ""deadlock_count"": 0, ""agreed_n"": 1, ""open_issues_n"": 1}, {""type"": ""ledger_snapshot"", ""label"": ""after_mediator_turn2"", ""ledger_turn"": 4, ""status"": ""settled"", ""deadlock_count"": 0, ""agreed_n"": 2, ""open_issues_n"": 0}]"
Cfg3_CoopVsStubborn,USA-Iran Quick Talks (2 issues),1001806346,cooperative,stubborn,balanced,settled,4,0,2,0,0,True,"[{""type"": ""ledger_snapshot"", ""label"": ""after_mediator_turn1"", ""ledger_turn"": 2, ""status"": ""in_progress"", ""deadlock_count"": 0, ""agreed_n"": 1, ""open_issues_n"": 1}, {""type"": ""ledger_snapshot"", ""label"": ""after_mediator_turn2"", ""ledger_turn"": 4, ""status"": ""settled"", ""deadlock_count"": 0, ""agreed_n"": 2, ""open_issues_n"": 0}]"
Cfg3_CoopVsStubborn,USA-Iran Nuclear (4 issues),1295631490,cooperative,stubborn,balanced,failed,10,0,0,4,0,True,"[{""type"": ""ledger_snapshot"", ""label"": ""after_mediator_turn1"", ""ledger_turn"": 2, ""status"": ""in_progress"", ""deadlock_count"": 0, ""agreed_n"": 0, ""open_issues_n"": 4}, {""type"": ""ledger_snapshot"", ""label"": ""after_mediator_turn2"", ""ledger_turn"": 4, ""status"": ""in_progress"", ""deadlock_count"": 0, ""agreed_n"": 0, ""open_issues_n"": 4}, {""type"": ""ledger_snapshot"", ""label"": ""after_mediator_turn3"", ""ledger_turn"": 6, ""status"": ""in_progress"", ""deadlock_count"": 0, ""agreed_n"": 0, ""open_issues_n"": 4}, {""type"": ""ledger_snapshot"", ""label"": ""after_mediator_turn4"", ""ledger_turn"": 8, ""status"": ""in_progress"", ""deadlock_count"": 0, ""agreed_n"": 0, ""open_issues_n"": 4}, {""type"": ""ledger_snapshot"", ""label"": ""after_mediator_turn5"", ""ledger_turn"": 10, ""status"": ""in_progress"", ""deadlock_count"": 0, ""agreed_n"": 0, ""open_issues_n"": 4}]"
Cfg3_CoopVsStubborn,USA-Iran Nuclear (4 issues),1797897584,cooperative,stubborn,balanced,settled,6,0,3,1,0,True,"[{""type"": ""ledger_snapshot"", ""label"": ""after_mediator_turn1"", ""ledger_turn"": 2, ""status"": ""in_progress"", ""deadlock_count"": 0, ""agreed_n"": 1, ""open_issues_n"": 2}, {""type"": ""ledger_snapshot"", ""label"": ""after_mediator_turn2"", ""ledger_turn"": 4, ""status"": ""in_progress"", ""deadlock_count"": 0, ""agreed_n"": 2, ""open_issues_n"": 1}, {""type"": ""ledger_snapshot"", ""label"": ""after_mediator_turn3"", ""ledger_turn"": 6, ""status"": ""settled"", ""deadlock_count"": 0, ""agreed_n"": 3, ""open_issues_n"": 1}]"
Cfg3_CoopVsStubborn,USA-Iran Nuclear (4 issues),1186920562,cooperative,stubborn,balanced,settled,6,0,3,1,0,True,"[{""type"": ""ledger_snapshot"", ""label"": ""after_mediator_turn1"", ""ledger_turn"": 2, ""status"": ""in_progress"", ""deadlock_count"": 0, ""agreed_n"": 1, ""open_issues_n"": 2}, {""type"": ""ledger_snapshot"", ""label"": ""after_mediator_turn2"", ""ledger_turn"": 4, ""status"": ""in_progress"", ""deadlock_count"": 0, ""agreed_n"": 2, ""open_issues_n"": 1}, {""type"": ""ledger_snapshot"", ""label"": ""after_mediator_turn3"", ""ledger_turn"": 6, ""status"": ""settled"", ""deadlock_count"": 0, ""agreed_n"": 3, ""open_issues_n"": 1}]"
Cfg3_CoopVsStubborn,USA-Iran Nuclear (4 issues),1788525542,cooperative,stubborn,balanced,settled,6,0,3,1,0,True,"[{""type"": ""ledger_snapshot"", ""label"": ""after_mediator_turn1"", ""ledger_turn"": 2, ""status"": ""in_progress"", ""deadlock_count"": 0, ""agreed_n"": 1, ""open_issues_n"": 2}, {""type"": ""ledger_snapshot"", ""label"": ""after_mediator_turn2"", ""ledger_turn"": 4, ""status"": ""in_progress"", ""deadlock_count"": 0, ""agreed_n"": 2, ""open_issues_n"": 1}, {""type"": ""ledger_snapshot"", ""label"": ""after_mediator_turn3"", ""ledger_turn"": 6, ""status"": ""settled"", ""deadlock_count"": 0, ""agreed_n"": 3, ""open_issues_n"": 1}]"
Cfg3_CoopVsStubborn,TechCorp Acquisition (4 issues),2059279503,cooperative,stubborn,balanced,failed,10,0,0,4,0,True,"[{""type"": ""ledger_snapshot"", ""label"": ""after_mediator_turn1"", ""ledger_turn"": 2, ""status"": ""in_progress"", ""deadlock_count"": 0, ""agreed_n"": 0, ""open_issues_n"": 4}, {""type"": ""ledger_snapshot"", ""label"": ""after_mediator_turn2"", ""ledger_turn"": 4, ""status"": ""in_progress"", ""deadlock_count"": 0, ""agreed_n"": 0, ""open_issues_n"": 4}, {""type"": ""ledger_snapshot"", ""label"": ""after_mediator_turn3"", ""ledger_turn"": 6, ""status"": ""in_progress"", ""deadlock_count"": 0, ""agreed_n"": 0, ""open_issues_n"": 4}, {""type"": ""ledger_snapshot"", ""label"": ""after_mediator_turn4"", ""ledger_turn"": 8, ""status"": ""in_progress"", ""deadlock_count"": 0, ""agreed_n"": 0, ""open_issues_n"": 4}, {""type"": ""ledger_snapshot"", ""label"": ""after_mediator_turn5"", ""ledger_turn"": 10, ""status"": ""in_progress"", ""deadlock_count"": 0, ""agreed_n"": 0, ""open_issues_n"": 4}]"
Cfg3_CoopVsStubborn,TechCorp Acquisition (4 issues),414061950,cooperative,stubborn,balanced,settled,8,0,4,1,0,True,"[{""type"": ""ledger_snapshot"", ""label"": ""after_mediator_turn1"", ""ledger_turn"": 2, ""status"": ""in_progress"", ""deadlock_count"": 0, ""agreed_n"": 1, ""open_issues_n"": 3}, {""type"": ""ledger_snapshot"", ""label"": ""after_mediator_turn2"", ""ledger_turn"": 4, ""status"": ""in_progress"", ""deadlock_count"": 0, ""agreed_n"": 2, ""open_issues_n"": 2}, {""type"": ""ledger_snapshot"", ""label"": ""after_mediator_turn3"", ""ledger_turn"": 6, ""status"": ""in_progress"", ""deadlock_count"": 0, ""agreed_n"": 3, ""open_issues_n"": 1}, {""type"": ""ledger_snapshot"", ""label"": ""after_mediator_turn4"", ""ledger_turn"": 8, ""status"": ""settled"", ""deadlock_count"": 0, ""agreed_n"": 4, ""open_issues_n"": 1}]"
Cfg3_CoopVsStubborn,TechCorp Acquisition (4 issues),1950568575,cooperative,stubborn,balanced,failed,10,0,0,4,0,True,"[{""type"": ""ledger_snapshot"", ""label"": ""after_mediator_turn1"", ""ledger_turn"": 2, ""status"": ""in_progress"", ""deadlock_count"": 0, ""agreed_n"": 0, ""open_issues_n"": 4}, {""type"": ""ledger_snapshot"", ""label"": ""after_mediator_turn2"", ""ledger_turn"": 4, ""status"": ""in_progress"", ""deadlock_count"": 0, ""agreed_n"": 0, ""open_issues_n"": 4}, {""type"": ""ledger_snapshot"", ""label"": ""after_mediator_turn3"", ""ledger_turn"": 6, ""status"": ""in_progress"", ""deadlock_count"": 0, ""agreed_n"": 0, ""open_issues_n"": 4}, {""type"": ""ledger_snapshot"", ""label"": ""after_mediator_turn4"", ""ledger_turn"": 8, ""status"": ""in_progress"", ""deadlock_count"": 0, ""agreed_n"": 0, ""open_issues_n"": 4}, {""type"": ""ledger_snapshot"", ""label"": ""after_mediator_turn5"", ""ledger_turn"": 10, ""status"": ""in_progress"", ""deadlock_count"": 0, ""agreed_n"": 0, ""open_issues_n"": 4}]"
Cfg3_CoopVsStubborn,TechCorp Acquisition (4 issues),404689908,cooperative,stubborn,balanced,settled,8,0,4,1,0,True,"[{""type"": ""ledger_snapshot"", ""label"": ""after_mediator_turn1"", ""ledger_turn"": 2, ""status"": ""in_progress"", ""deadlock_count"": 0, ""agreed_n"": 1, ""open_issues_n"": 3}, {""type"": ""ledger_snapshot"", ""label"": ""after_mediator_turn2"", ""ledger_turn"": 4, ""status"": ""in_progress"", ""deadlock_count"": 0, ""agreed_n"": 2, ""open_issues_n"": 2}, {""type"": ""ledger_snapshot"", ""label"": ""after_mediator_turn3"", ""ledger_turn"": 6, ""status"": ""in_progress"", ""deadlock_count"": 0, ""agreed_n"": 3, ""open_issues_n"": 1}, {""type"": ""ledger_snapshot"", ""label"": ""after_mediator_turn4"", ""ledger_turn"": 8, ""status"": ""settled"", ""deadlock_count"": 0, ""agreed_n"": 4, ""open_issues_n"": 1}]"
Cfg4_AllStubborn,USA-Iran Quick Talks (2 issues),37091965,stubborn,stubborn,stubborn,settled,8,2,2,0,2,True,"[{""type"": ""ledger_snapshot"", ""label"": ""after_mediator_turn1"", ""ledger_turn"": 2, ""status"": ""in_progress"", ""deadlock_count"": 1, ""agreed_n"": 0, ""open_issues_n"": 2}, {""type"": ""ledger_snapshot"", ""label"": ""after_mediator_turn2"", ""ledger_turn"": 4, ""status"": ""in_progress"", ""deadlock_count"": 2, ""agreed_n"": 0, ""open_issues_n"": 2}, {""type"": ""auto_hitl"", ""trigger"": ""deadlock"", ""chosen"": ""Force both parties to split the difference on each open issue""}, {""type"": ""ledger_snapshot"", ""label"": ""after_mediator_turn3"", ""ledger_turn"": 6, ""status"": ""in_progress"", ""deadlock_count"": 2, ""agreed_n"": 1, ""open_issues_n"": 1}, {""type"": ""auto_hitl"", ""trigger"": ""deadlock"", ""chosen"": ""Force both parties to split the difference on each open issue""}, {""type"": ""ledger_snapshot"", ""label"": ""after_mediator_turn4"", ""ledger_turn"": 8, ""status"": ""settled"", ""deadlock_count"": 2, ""agreed_n"": 2, ""open_issues_n"": 0}]"
Cfg4_AllStubborn,USA-Iran Quick Talks (2 issues),1672937476,stubborn,stubborn,stubborn,failed,10,2,0,2,3,True,"[{""type"": ""ledger_snapshot"", ""label"": ""after_mediator_turn1"", ""ledger_turn"": 2, ""status"": ""in_progress"", ""deadlock_count"": 1, ""agreed_n"": 0, ""open_issues_n"": 2}, {""type"": ""ledger_snapshot"", ""label"": ""after_mediator_turn2"", ""ledger_turn"": 4, ""status"": ""in_progress"", ""deadlock_count"": 2, ""agreed_n"": 0, ""open_issues_n"": 2}, {""type"": ""auto_hitl"", ""trigger"": ""deadlock"", ""chosen"": ""Force both parties to split the difference on each open issue""}, {""type"": ""ledger_snapshot"", ""label"": ""after_mediator_turn3"", ""ledger_turn"": 6, ""status"": ""in_progress"", ""deadlock_count"": 2, ""agreed_n"": 0, ""open_issues_n"": 2}, {""type"": ""auto_hitl"", ""trigger"": ""deadlock"", ""chosen"": ""Force both parties to split the difference on each open issue""}, {""type"": ""ledger_snapshot"", ""label"": ""after_mediator_turn4"", ""ledger_turn"": 8, ""status"": ""in_progress"", ""deadlock_count"": 2, ""agreed_n"": 0, ""open_issues_n"": 2}, {""type"": ""auto_hitl"", ""trigger"": ""deadlock"", ""chosen"": ""Force both parties to split the difference on each open issue""}, {""type"": ""ledger_snapshot"", ""label"": ""after_mediator_turn5"", ""ledger_turn"": 10, ""status"": ""in_progress"", ""deadlock_count"": 2, ""agreed_n"": 0, ""open_issues_n"": 2}]"
Cfg4_AllStubborn,USA-Iran Quick Talks (2 issues),27719923,stubborn,stubborn,stubborn,failed,10,0,0,2,0,True,"[{""type"": ""ledger_snapshot"", ""label"": ""after_mediator_turn1"", ""ledger_turn"": 2, ""status"": ""in_progress"", ""deadlock_count"": 0, ""agreed_n"": 0, ""open_issues_n"": 2}, {""type"": ""ledger_snapshot"", ""label"": ""after_mediator_turn2"", ""ledger_turn"": 4, ""status"": ""in_progress"", ""deadlock_count"": 0, ""agreed_n"": 0, ""open_issues_n"": 2}, {""type"": ""ledger_snapshot"", ""label"": ""after_mediator_turn3"", ""ledger_turn"": 6, ""status"": ""in_progress"", ""deadlock_count"": 0, ""agreed_n"": 0, ""open_issues_n"": 2}, {""type"": ""ledger_snapshot"", ""label"": ""after_mediator_turn4"", ""ledger_turn"": 8, ""status"": ""in_progress"", ""deadlock_count"": 0, ""agreed_n"": 0, ""open_issues_n"": 2}, {""type"": ""ledger_snapshot"", ""label"": ""after_mediator_turn5"", ""ledger_turn"": 10, ""status"": ""in_progress"", ""deadlock_count"": 0, ""agreed_n"": 0, ""open_issues_n"": 2}]"
Cfg4_AllStubborn,USA-Iran Quick Talks (2 issues),529986013,stubborn,stubborn,stubborn,failed,10,0,0,2,0,True,"[{""type"": ""ledger_snapshot"", ""label"": ""after_mediator_turn1"", ""ledger_turn"": 2, ""status"": ""in_progress"", ""deadlock_count"": 0, ""agreed_n"": 0, ""open_issues_n"": 2}, {""type"": ""ledger_snapshot"", ""label"": ""after_mediator_turn2"", ""ledger_turn"": 4, ""status"": ""in_progress"", ""deadlock_count"": 0, ""agreed_n"": 0, ""open_issues_n"": 2}, {""type"": ""ledger_snapshot"", ""label"": ""after_mediator_turn3"", ""ledger_turn"": 6, ""status"": ""in_progress"", ""deadlock_count"": 0, ""agreed_n"": 0, ""open_issues_n"": 2}, {""type"": ""ledger_snapshot"", ""label"": ""after_mediator_turn4"", ""ledger_turn"": 8, ""status"": ""in_progress"", ""deadlock_count"": 0, ""agreed_n"": 0, ""open_issues_n"": 2}, {""type"": ""ledger_snapshot"", ""label"": ""after_mediator_turn5"", ""ledger_turn"": 10, ""status"": ""in_progress"", ""deadlock_count"": 0, ""agreed_n"": 0, ""open_issues_n"": 2}]"
Cfg4_AllStubborn,USA-Iran Nuclear (4 issues),1858051692,stubborn,stubborn,stubborn,settled,10,2,2,1,3,True,"[{""type"": ""ledger_snapshot"", ""label"": ""after_mediator_turn1"", ""ledger_turn"": 2, ""status"": ""in_progress"", ""deadlock_count"": 1, ""agreed_n"": 0, ""open_issues_n"": 4}, {""type"": ""ledger_snapshot"", ""label"": ""after_mediator_turn2"", ""ledger_turn"": 4, ""status"": ""in_progress"", ""deadlock_count"": 2, ""agreed_n"": 0, ""open_issues_n"": 4}, {""type"": ""auto_hitl"", ""trigger"": ""deadlock"", ""chosen"": ""Force both parties to split the difference on each open issue""}, {""type"": ""ledger_snapshot"", ""label"": ""after_mediator_turn3"", ""ledger_turn"": 6, ""status"": ""in_progress"", ""deadlock_count"": 2, ""agreed_n"": 1, ""open_issues_n"": 2}, {""type"": ""auto_hitl"", ""trigger"": ""deadlock"", ""chosen"": ""Force both parties to split the difference on each open issue""}, {""type"": ""ledger_snapshot"", ""label"": ""after_mediator_turn4"", ""ledger_turn"": 8, ""status"": ""in_progress"", ""deadlock_count"": 2, ""agreed_n"": 2, ""open_issues_n"": 1}, {""type"": ""auto_hitl"", ""trigger"": ""deadlock"", ""chosen"": ""Force both parties to split the difference on each open issue""}, {""type"": ""ledger_snapshot"", ""label"": ""after_mediator_turn5"", ""ledger_turn"": 10, ""status"": ""settled"", ""deadlock_count"": 2, ""agreed_n"": 2, ""open_issues_n"": 1}]"
Cfg4_AllStubborn,USA-Iran Nuclear (4 issues),312173025,stubborn,stubborn,stubborn,failed,10,0,0,4,0,True,"[{""type"": ""ledger_snapshot"", ""label"": ""after_mediator_turn1"", ""ledger_turn"": 2, ""status"": ""in_progress"", ""deadlock_count"": 0, ""agreed_n"": 0, ""open_issues_n"": 4}, {""type"": ""ledger_snapshot"", ""label"": ""after_mediator_turn2"", ""ledger_turn"": 4, ""status"": ""in_progress"", ""deadlock_count"": 0, ""agreed_n"": 0, ""open_issues_n"": 4}, {""type"": ""ledger_snapshot"", ""label"": ""after_mediator_turn3"", ""ledger_turn"": 6, ""status"": ""in_progress"", ""deadlock_count"": 0, ""agreed_n"": 0, ""open_issues_n"": 4}, {""type"": ""ledger_snapshot"", ""label"": ""after_mediator_turn4"", ""ledger_turn"": 8, ""status"": ""in_progress"", ""deadlock_count"": 0, ""agreed_n"": 0, ""open_issues_n"": 4}, {""type"": ""ledger_snapshot"", ""label"": ""after_mediator_turn5"", ""ledger_turn"": 10, ""status"": ""in_progress"", ""deadlock_count"": 0, ""agreed_n"": 0, ""open_issues_n"": 4}]"
Cfg4_AllStubborn,USA-Iran Nuclear (4 issues),814439119,stubborn,stubborn,stubborn,settled,10,2,2,1,3,True,"[{""type"": ""ledger_snapshot"", ""label"": ""after_mediator_turn1"", ""ledger_turn"": 2, ""status"": ""in_progress"", ""deadlock_count"": 1, ""agreed_n"": 0, ""open_issues_n"": 4}, {""type"": ""ledger_snapshot"", ""label"": ""after_mediator_turn2"", ""ledger_turn"": 4, ""status"": ""in_progress"", ""deadlock_count"": 2, ""agreed_n"": 0, ""open_issues_n"": 4}, {""type"": ""auto_hitl"", ""trigger"": ""deadlock"", ""chosen"": ""Force both parties to split the difference on each open issue""}, {""type"": ""ledger_snapshot"", ""label"": ""after_mediator_turn3"", ""ledger_turn"": 6, ""status"": ""in_progress"", ""deadlock_count"": 2, ""agreed_n"": 1, ""open_issues_n"": 2}, {""type"": ""auto_hitl"", ""trigger"": ""deadlock"", ""chosen"": ""Force both parties to split the difference on each open issue""}, {""type"": ""ledger_snapshot"", ""label"": ""after_mediator_turn4"", ""ledger_turn"": 8, ""status"": ""in_progress"", ""deadlock_count"": 2, ""agreed_n"": 2, ""open_issues_n"": 1}, {""type"": ""auto_hitl"", ""trigger"": ""deadlock"", ""chosen"": ""Force both parties to split the difference on each open issue""}, {""type"": ""ledger_snapshot"", ""label"": ""after_mediator_turn5"", ""ledger_turn"": 10, ""status"": ""settled"", ""deadlock_count"": 2, ""agreed_n"": 2, ""open_issues_n"": 1}]"
Cfg4_AllStubborn,USA-Iran Nuclear (4 issues),203462097,stubborn,stubborn,stubborn,failed,10,0,0,4,0,True,"[{""type"": ""ledger_snapshot"", ""label"": ""after_mediator_turn1"", ""ledger_turn"": 2, ""status"": ""in_progress"", ""deadlock_count"": 0, ""agreed_n"": 0, ""open_issues_n"": 4}, {""type"": ""ledger_snapshot"", ""label"": ""after_mediator_turn2"", ""ledger_turn"": 4, ""status"": ""in_progress"", ""deadlock_count"": 0, ""agreed_n"": 0, ""open_issues_n"": 4}, {""type"": ""ledger_snapshot"", ""label"": ""after_mediator_turn3"", ""ledger_turn"": 6, ""status"": ""in_progress"", ""deadlock_count"": 0, ""agreed_n"": 0, ""open_issues_n"": 4}, {""type"": ""ledger_snapshot"", ""label"": ""after_mediator_turn4"", ""ledger_turn"": 8, ""status"": ""in_progress"", ""deadlock_count"": 0, ""agreed_n"": 0, ""open_issues_n"": 4}, {""type"": ""ledger_snapshot"", ""label"": ""after_mediator_turn5"", ""ledger_turn"": 10, ""status"": ""in_progress"", ""deadlock_count"": 0, ""agreed_n"": 0, ""open_issues_n"": 4}]"
Cfg4_AllStubborn,TechCorp Acquisition (4 issues),474216058,stubborn,stubborn,stubborn,failed,10,0,0,4,0,True,"[{""type"": ""ledger_snapshot"", ""label"": ""after_mediator_turn1"", ""ledger_turn"": 2, ""status"": ""in_progress"", ""deadlock_count"": 0, ""agreed_n"": 0, ""open_issues_n"": 4}, {""type"": ""ledger_snapshot"", ""label"": ""after_mediator_turn2"", ""ledger_turn"": 4, ""status"": ""in_progress"", ""deadlock_count"": 0, ""agreed_n"": 0, ""open_issues_n"": 4}, {""type"": ""ledger_snapshot"", ""label"": ""after_mediator_turn3"", ""ledger_turn"": 6, ""status"": ""in_progress"", ""deadlock_count"": 0, ""agreed_n"": 0, ""open_issues_n"": 4}, {""type"": ""ledger_snapshot"", ""label"": ""after_mediator_turn4"", ""ledger_turn"": 8, ""status"": ""in_progress"", ""deadlock_count"": 0, ""agreed_n"": 0, ""open_issues_n"": 4}, {""type"": ""ledger_snapshot"", ""label"": ""after_mediator_turn5"", ""ledger_turn"": 10, ""status"": ""in_progress"", ""deadlock_count"": 0, ""agreed_n"": 0, ""open_issues_n"": 4}]"
Cfg4_AllStubborn,TechCorp Acquisition (4 issues),1075821038,stubborn,stubborn,stubborn,failed,10,2,3,1,3,True,"[{""type"": ""ledger_snapshot"", ""label"": ""after_mediator_turn1"", ""ledger_turn"": 2, ""status"": ""in_progress"", ""deadlock_count"": 1, ""agreed_n"": 0, ""open_issues_n"": 4}, {""type"": ""ledger_snapshot"", ""label"": ""after_mediator_turn2"", ""ledger_turn"": 4, ""status"": ""in_progress"", ""deadlock_count"": 2, ""agreed_n"": 0, ""open_issues_n"": 4}, {""type"": ""auto_hitl"", ""trigger"": ""deadlock"", ""chosen"": ""Force both parties to split the difference on each open issue""}, {""type"": ""ledger_snapshot"", ""label"": ""after_mediator_turn3"", ""ledger_turn"": 6, ""status"": ""in_progress"", ""deadlock_count"": 2, ""agreed_n"": 1, ""open_issues_n"": 3}, {""type"": ""auto_hitl"", ""trigger"": ""deadlock"", ""chosen"": ""Force both parties to split the difference on each open issue""}, {""type"": ""ledger_snapshot"", ""label"": ""after_mediator_turn4"", ""ledger_turn"": 8, ""status"": ""in_progress"", ""deadlock_count"": 2, ""agreed_n"": 2, ""open_issues_n"": 2}, {""type"": ""auto_hitl"", ""trigger"": ""deadlock"", ""chosen"": ""Force both parties to split the difference on each open issue""}, {""type"": ""ledger_snapshot"", ""label"": ""after_mediator_turn5"", ""ledger_turn"": 10, ""status"": ""in_progress"", ""deadlock_count"": 2, ""agreed_n"": 3, ""open_issues_n"": 1}]"
Cfg4_AllStubborn,TechCorp Acquisition (4 issues),464844016,stubborn,stubborn,stubborn,failed,10,0,2,2,0,True,"[{""type"": ""ledger_snapshot"", ""label"": ""after_mediator_turn1"", ""ledger_turn"": 2, ""status"": ""in_progress"", ""deadlock_count"": 0, ""agreed_n"": 1, ""open_issues_n"": 3}, {""type"": ""ledger_snapshot"", ""label"": ""after_mediator_turn2"", ""ledger_turn"": 4, ""status"": ""in_progress"", ""deadlock_count"": 0, ""agreed_n"": 2, ""open_issues_n"": 2}, {""type"": ""ledger_snapshot"", ""label"": ""after_mediator_turn3"", ""ledger_turn"": 6, ""status"": ""in_progress"", ""deadlock_count"": 0, ""agreed_n"": 2, ""open_issues_n"": 2}, {""type"": ""ledger_snapshot"", ""label"": ""after_mediator_turn4"", ""ledger_turn"": 8, ""status"": ""in_progress"", ""deadlock_count"": 0, ""agreed_n"": 2, ""open_issues_n"": 2}, {""type"": ""ledger_snapshot"", ""label"": ""after_mediator_turn5"", ""ledger_turn"": 10, ""status"": ""in_progress"", ""deadlock_count"": 0, ""agreed_n"": 2, ""open_issues_n"": 2}]"
Cfg4_AllStubborn,TechCorp Acquisition (4 issues),967110110,stubborn,stubborn,stubborn,failed,10,2,3,1,3,True,"[{""type"": ""ledger_snapshot"", ""label"": ""after_mediator_turn1"", ""ledger_turn"": 2, ""status"": ""in_progress"", ""deadlock_count"": 1, ""agreed_n"": 0, ""open_issues_n"": 4}, {""type"": ""ledger_snapshot"", ""label"": ""after_mediator_turn2"", ""ledger_turn"": 4, ""status"": ""in_progress"", ""deadlock_count"": 2, ""agreed_n"": 0, ""open_issues_n"": 4}, {""type"": ""auto_hitl"", ""trigger"": ""deadlock"", ""chosen"": ""Force both parties to split the difference on each open issue""}, {""type"": ""ledger_snapshot"", ""label"": ""after_mediator_turn3"", ""ledger_turn"": 6, ""status"": ""in_progress"", ""deadlock_count"": 2, ""agreed_n"": 1, ""open_issues_n"": 3}, {""type"": ""auto_hitl"", ""trigger"": ""deadlock"", ""chosen"": ""Force both parties to split the difference on each open issue""}, {""type"": ""ledger_snapshot"", ""label"": ""after_mediator_turn4"", ""ledger_turn"": 8, ""status"": ""in_progress"", ""deadlock_count"": 2, ""agreed_n"": 2, ""open_issues_n"": 2}, {""type"": ""auto_hitl"", ""trigger"": ""deadlock"", ""chosen"": ""Force both parties to split the difference on each open issue""}, {""type"": ""ledger_snapshot"", ""label"": ""after_mediator_turn5"", ""ledger_turn"": 10, ""status"": ""in_progress"", ""deadlock_count"": 2, ""agreed_n"": 3, ""open_issues_n"": 1}]"
